Buchungs_ID;Personen_FS;Land_FS;Ankunft;Abreise
1;2;0;2015-05-04 00:00:00;2015-05-05 00:00:00
6;5;0;2015-05-15 00:00:00;2015-05-19 00:00:00
7;6;0;2015-05-15 00:00:00;2015-05-19 00:00:00
8;3;0;2015-05-15 00:00:00;2015-05-19 00:00:00
9;4;0;2015-05-15 00:00:00;2015-05-19 00:00:00
11;7;115;2015-10-14 00:00:00;2015-10-20 00:00:00
12;8;186;2015-09-22 00:00:00;2015-09-25 00:00:00
13;9;186;2015-04-30 00:00:00;2015-05-01 00:00:00
14;10;115;2015-08-08 00:00:00;2015-08-09 00:00:00
15;11;0;2015-06-03 00:00:00;2015-06-04 00:00:00
17;13;0;2015-06-17 00:00:00;2015-06-18 00:00:00
18;14;193;2015-07-09 00:00:00;2015-07-10 00:00:00
19;15;0;2015-04-25 00:00:00;2015-04-26 00:00:00
20;16;115;2015-07-17 00:00:00;2015-07-18 00:00:00
22;18;170;2015-07-23 00:00:00;2015-07-24 00:00:00
23;19;164;2015-09-22 00:00:00;2015-09-24 00:00:00
24;20;186;2015-09-24 00:00:00;2015-09-25 00:00:00
25;22;186;2015-10-01 00:00:00;2015-10-02 00:00:00
26;25;0;2015-05-15 00:00:00;2015-05-16 00:00:00
27;26;0;2015-05-06 00:00:00;2015-05-20 00:00:00
29;28;138;2015-12-01 00:00:00;2015-12-03 00:00:00
30;30;0;2015-06-06 00:00:00;2015-06-09 00:00:00
31;31;0;2015-06-19 00:00:00;2015-06-20 00:00:00
32;32;198;2015-07-01 00:00:00;2015-07-02 00:00:00
34;33;198;2015-08-28 00:00:00;2015-08-29 00:00:00
35;34;198;2015-08-11 00:00:00;2015-08-17 00:00:00
36;35;198;2015-08-19 00:00:00;2015-08-20 00:00:00
37;36;129;2015-07-17 00:00:00;2015-08-04 00:00:00
38;37;122;2015-06-26 00:00:00;2015-07-04 00:00:00
39;3;0;2015-05-15 00:00:00;2015-05-19 00:00:00
41;40;193;2015-06-27 00:00:00;2015-06-28 00:00:00
42;41;0;2015-06-26 00:00:00;2015-06-27 00:00:00
43;42;115;2015-07-08 00:00:00;2015-07-09 00:00:00
44;43;186;2015-08-26 00:00:00;2015-08-27 00:00:00
45;44;186;2015-08-27 00:00:00;2015-08-29 00:00:00
48;47;198;2015-10-19 00:00:00;2015-10-22 00:00:00
49;48;115;2015-10-11 00:00:00;2015-10-13 00:00:00
50;50;198;2015-07-11 00:00:00;2015-07-12 00:00:00
52;51;198;2015-09-11 00:00:00;2015-09-15 00:00:00
53;13;0;2015-06-17 00:00:00;2015-06-18 00:00:00
55;55;186;2015-08-26 00:00:00;2015-08-27 00:00:00
56;27;0;2015-06-22 00:00:00;2015-06-24 00:00:00
57;56;186;2015-08-19 00:00:00;2015-08-20 00:00:00
59;59;115;2015-07-03 00:00:00;2015-07-07 00:00:00
60;60;119;2015-07-03 00:00:00;2015-07-05 00:00:00
61;60;119;1000-01-01 00:00:00;1000-01-01 00:00:00
62;62;186;2015-07-06 00:00:00;2015-07-07 00:00:00
63;62;198;1000-01-01 00:00:00;1000-01-01 00:00:00
64;64;191;2015-07-07 00:00:00;2015-07-08 00:00:00
65;66;191;2015-07-10 00:00:00;2015-07-11 00:00:00
66;70;119;2015-07-11 00:00:00;2015-07-13 00:00:00
67;71;193;2015-07-13 00:00:00;2015-07-14 00:00:00
68;72;186;2015-07-13 00:00:00;2015-07-15 00:00:00
69;74;198;2015-09-27 00:00:00;2015-09-28 00:00:00
70;75;164;2015-07-21 00:00:00;2015-07-22 00:00:00
72;77;170;2015-08-16 00:00:00;2015-08-17 00:00:00
73;78;198;2015-07-26 00:00:00;2015-07-27 00:00:00
74;75;164;2015-07-27 00:00:00;2015-07-28 00:00:00
75;78;198;1000-01-01 00:00:00;1000-01-01 00:00:00
76;78;198;1000-01-01 00:00:00;1000-01-01 00:00:00
77;78;198;1000-01-01 00:00:00;1000-01-01 00:00:00
78;75;164;2015-08-02 00:00:00;2015-08-03 00:00:00
79;75;164;2015-08-10 00:00:00;2015-08-11 00:00:00
80;79;103;2015-08-01 00:00:00;2015-08-05 00:00:00
81;82;198;2015-09-24 00:00:00;2015-09-24 00:00:00
82;62;186;2015-09-01 00:00:00;2015-09-02 00:00:00
83;62;186;2015-09-15 00:00:00;2015-09-16 00:00:00
84;16;115;2015-10-18 00:00:00;2015-10-19 00:00:00
85;85;115;2015-08-18 00:00:00;2015-08-20 00:00:00
86;88;115;2015-09-10 00:00:00;2015-09-15 00:00:00
87;77;198;1000-01-01 00:00:00;1000-01-01 00:00:00
88;95;193;2015-09-16 00:00:00;2015-09-17 00:00:00
89;96;186;2015-08-15 00:00:00;2015-08-24 00:00:00
90;103;198;2015-08-26 00:00:00;2015-08-27 00:00:00
92;106;198;2015-10-12 00:00:00;2015-10-22 00:00:00
93;108;197;2015-10-02 00:00:00;2015-10-09 00:00:00
94;111;198;2015-10-04 00:00:00;2015-10-05 00:00:00
95;112;123;2015-10-12 00:00:00;2015-10-13 00:00:00
96;113;123;2015-10-06 00:00:00;2015-10-07 00:00:00
97;116;198;2015-10-02 00:00:00;2015-10-07 00:00:00
98;117;197;2015-10-21 00:00:00;2015-10-22 00:00:00
99;118;145;2015-09-19 00:00:00;2015-09-22 00:00:00
100;107;198;2015-10-12 00:00:00;2015-10-23 00:00:00
102;25;186;2015-10-14 00:00:00;2015-10-15 00:00:00
103;127;197;2015-10-02 00:00:00;2015-10-09 00:00:00
104;128;198;2015-11-06 00:00:00;1000-01-01 00:00:00
105;130;198;2015-10-12 00:00:00;2015-10-22 00:00:00
106;112;123;2015-11-15 00:00:00;2015-11-16 00:00:00
107;132;115;2015-11-07 00:00:00;2015-11-08 00:00:00
108;133;198;2015-11-30 00:00:00;2015-12-01 00:00:00
109;134;115;2015-12-10 00:00:00;2015-12-11 00:00:00
110;135;164;2015-11-04 00:00:00;2015-11-05 00:00:00
111;139;198;2015-11-04 00:00:00;2015-11-05 00:00:00
112;140;115;2016-05-05 00:00:00;2016-05-08 00:00:00
113;142;198;2016-05-04 00:00:00;2016-05-05 00:00:00
114;142;198;2016-05-18 00:00:00;2016-05-19 00:00:00
115;144;115;2016-07-11 00:00:00;2016-07-12 00:00:00
116;145;123;2016-02-13 00:00:00;2016-02-14 00:00:00
117;147;197;2015-12-27 00:00:00;2015-12-31 00:00:00
118;28;138;1000-01-01 00:00:00;1000-01-01 00:00:00
119;148;123;2016-02-07 00:00:00;2016-02-09 00:00:00
121;149;198;2016-04-22 00:00:00;2016-04-23 00:00:00
123;151;115;2015-12-14 00:00:00;2015-12-15 00:00:00
124;157;198;2016-06-05 00:00:00;2016-06-06 00:00:00
125;158;198;2016-05-08 00:00:00;2016-05-09 00:00:00
126;159;198;2016-04-20 00:00:00;2016-04-21 00:00:00
127;160;198;2016-05-22 00:00:00;2016-05-23 00:00:00
129;165;178;2016-06-11 00:00:00;2016-06-12 00:00:00
131;169;186;2016-05-11 00:00:00;2016-05-12 00:00:00
132;172;193;2016-07-04 00:00:00;2016-07-06 00:00:00
133;173;115;2016-05-02 00:00:00;2016-05-03 00:00:00
134;175;198;2016-06-11 00:00:00;2016-06-14 00:00:00
136;182;170;2016-06-12 00:00:00;2016-06-13 00:00:00
137;184;115;2016-04-20 00:00:00;2016-04-21 00:00:00
138;185;198;2016-04-19 00:00:00;2016-04-21 00:00:00
139;178;198;2016-07-09 00:00:00;2016-07-10 00:00:00
141;148;123;2016-02-07 00:00:00;2016-02-09 00:00:00
142;145;123;2016-02-13 00:00:00;2016-02-14 00:00:00
143;203;198;2016-03-29 00:00:00;2016-03-31 00:00:00
144;167;115;2016-10-12 00:00:00;2016-10-13 00:00:00
145;214;198;2016-06-05 00:00:00;2016-06-09 00:00:00
146;219;198;2016-03-09 00:00:00;2016-03-10 00:00:00
147;220;164;2016-07-30 00:00:00;2016-07-31 00:00:00
148;220;164;2016-08-07 00:00:00;2016-08-08 00:00:00
149;223;198;2016-04-19 00:00:00;2016-04-21 00:00:00
150;116;198;2016-04-15 00:00:00;2016-04-20 00:00:00
152;224;186;2016-06-13 00:00:00;2016-06-16 00:00:00
153;225;198;2016-06-14 00:00:00;2016-06-15 00:00:00
154;226;198;2016-04-02 00:00:00;2016-04-03 00:00:00
156;229;115;2016-03-25 00:00:00;2016-03-26 00:00:00
157;232;115;2016-07-16 00:00:00;2016-07-18 00:00:00
159;234;138;2016-04-09 00:00:00;2016-04-11 00:00:00
161;235;138;2016-04-21 00:00:00;2016-04-23 00:00:00
162;235;138;2016-04-23 00:00:00;2016-04-25 00:00:00
163;71;178;2016-08-22 00:00:00;2016-08-23 00:00:00
164;236;123;2016-07-09 00:00:00;2016-07-10 00:00:00
165;239;115;2016-07-13 00:00:00;2016-07-14 00:00:00
166;244;115;2016-05-09 00:00:00;2016-05-10 00:00:00
167;245;198;2016-06-10 00:00:00;2016-06-11 00:00:00
168;246;186;2016-08-21 00:00:00;2016-08-22 00:00:00
169;252;193;2016-05-27 00:00:00;2016-06-02 00:00:00
170;254;115;2016-05-13 00:00:00;2016-05-15 00:00:00
171;255;198;2016-06-03 00:00:00;2016-06-07 00:00:00
172;258;115;2016-05-26 00:00:00;2016-05-30 00:00:00
173;71;186;2016-06-08 00:00:00;2016-06-09 00:00:00
174;259;186;2016-05-06 00:00:00;2016-05-07 00:00:00
175;263;115;2016-05-22 00:00:00;2016-05-24 00:00:00
176;264;198;2016-06-09 00:00:00;2016-06-12 00:00:00
177;264;198;2016-06-13 00:00:00;2016-06-15 00:00:00
178;266;115;2016-05-20 00:00:00;2016-05-23 00:00:00
179;177;198;2016-10-31 00:00:00;2016-11-02 00:00:00
182;270;103;2016-08-16 00:00:00;2016-08-17 00:00:00
183;271;198;2016-05-06 00:00:00;2016-05-07 00:00:00
184;272;198;2016-06-08 00:00:00;2016-06-09 00:00:00
185;273;198;2016-06-18 00:00:00;2016-06-19 00:00:00
186;275;186;2016-09-11 00:00:00;2016-09-12 00:00:00
187;276;138;2016-06-01 00:00:00;2016-06-02 00:00:00
188;277;198;2016-06-06 00:00:00;2016-06-07 00:00:00
190;281;170;2016-07-16 00:00:00;2016-07-17 00:00:00
191;269;115;2016-06-15 00:00:00;2016-06-18 00:00:00
192;282;178;2016-08-20 00:00:00;2016-08-23 00:00:00
194;287;198;2016-06-24 00:00:00;2016-06-25 00:00:00
195;288;198;2016-06-03 00:00:00;2016-06-04 00:00:00
197;298;198;2016-07-02 00:00:00;2016-07-04 00:00:00
200;300;115;2016-07-24 00:00:00;2016-07-25 00:00:00
202;305;123;2016-07-14 00:00:00;2016-07-15 00:00:00
203;308;191;2016-08-16 00:00:00;2016-08-20 00:00:00
204;309;198;2016-06-13 00:00:00;2016-06-14 00:00:00
205;311;170;2016-08-29 00:00:00;2016-08-30 00:00:00
206;16;115;2016-06-18 00:00:00;2016-06-19 00:00:00
207;315;115;2016-09-01 00:00:00;2016-09-10 00:00:00
208;317;106;2016-07-01 00:00:00;2016-07-03 00:00:00
209;329;186;2016-06-24 00:00:00;2016-06-26 00:00:00
210;329;186;2016-06-26 00:00:00;2016-06-27 00:00:00
211;321;129;2016-06-21 00:00:00;2016-06-23 00:00:00
212;330;145;2016-07-28 00:00:00;2016-08-16 00:00:00
213;283;129;2016-06-15 00:00:00;2016-06-18 00:00:00
215;343;198;2016-10-11 00:00:00;2016-10-12 00:00:00
217;346;198;2016-10-05 00:00:00;2016-10-06 00:00:00
218;348;198;2016-09-07 00:00:00;2016-09-08 00:00:00
221;352;198;2016-07-11 00:00:00;2016-07-13 00:00:00
222;71;197;2016-09-02 00:00:00;2016-09-03 00:00:00
223;252;193;2016-06-28 00:00:00;2016-06-30 00:00:00
224;299;164;2016-07-28 00:00:00;2016-07-29 00:00:00
225;353;197;2016-09-27 00:00:00;2016-09-28 00:00:00
226;357;198;2016-09-07 00:00:00;2016-09-08 00:00:00
227;359;198;2016-09-17 00:00:00;2016-09-18 00:00:00
228;360;186;2016-08-23 00:00:00;2016-08-24 00:00:00
229;361;115;2016-08-19 00:00:00;2016-08-28 00:00:00
231;362;198;2016-08-14 00:00:00;1000-01-01 00:00:00
232;362;198;2016-08-04 00:00:00;1000-01-01 00:00:00
233;369;198;2016-10-03 00:00:00;2016-10-05 00:00:00
234;370;115;2016-09-19 00:00:00;2016-09-20 00:00:00
235;372;198;2016-09-03 00:00:00;2016-09-04 00:00:00
236;374;115;2017-08-15 00:00:00;2017-08-17 00:00:00
237;375;198;2016-09-18 00:00:00;2016-09-19 00:00:00
238;147;197;2016-12-27 00:00:00;2016-12-30 00:00:00
239;376;115;2017-01-06 00:00:00;2017-01-11 00:00:00
240;377;115;2016-09-03 00:00:00;2016-09-09 00:00:00
241;379;198;2016-08-28 00:00:00;2016-08-29 00:00:00
242;380;198;2017-04-19 00:00:00;2017-04-20 00:00:00
243;381;198;2016-10-09 00:00:00;2016-10-10 00:00:00
244;361;115;2016-09-02 00:00:00;2016-09-04 00:00:00
245;116;198;2016-10-07 00:00:00;2016-10-12 00:00:00
246;386;115;2016-10-26 00:00:00;2016-10-29 00:00:00
247;361;115;2016-09-06 00:00:00;2016-09-07 00:00:00
248;387;198;2016-10-05 00:00:00;2016-10-11 00:00:00
249;107;198;2016-10-10 00:00:00;1000-01-01 00:00:00
250;393;198;2016-09-15 00:00:00;2016-09-18 00:00:00
251;395;198;2016-10-09 00:00:00;1000-01-01 00:00:00
252;16;115;2016-10-07 00:00:00;2016-10-08 00:00:00
253;398;198;2016-10-05 00:00:00;2016-10-06 00:00:00
255;137;176;2016-12-04 00:00:00;2016-12-05 00:00:00
256;431;198;2016-11-04 00:00:00;2016-11-05 00:00:00
257;428;198;2016-12-07 00:00:00;2016-12-08 00:00:00
258;434;198;2017-04-17 00:00:00;2017-04-18 00:00:00
259;144;115;2017-07-10 00:00:00;2017-07-11 00:00:00
260;435;123;2017-04-01 00:00:00;2017-04-02 00:00:00
261;448;198;2017-05-22 00:00:00;2017-05-23 00:00:00
262;452;115;2017-04-01 00:00:00;2017-04-04 00:00:00
263;453;198;2017-05-05 00:00:00;2017-05-06 00:00:00
264;88;115;2017-03-24 00:00:00;2017-03-28 00:00:00
265;172;193;2017-07-15 00:00:00;2017-07-17 00:00:00
266;462;193;2017-06-13 00:00:00;2017-06-14 00:00:00
267;463;193;2017-03-13 00:00:00;2017-03-16 00:00:00
268;464;198;2017-04-14 00:00:00;2017-04-16 00:00:00
269;451;197;2017-07-06 00:00:00;2017-07-07 00:00:00
270;443;198;2017-04-01 00:00:00;2017-04-13 00:00:00
272;501;115;2017-06-19 00:00:00;2017-06-20 00:00:00
273;504;115;2017-07-26 00:00:00;2017-07-27 00:00:00
274;505;198;2017-06-25 00:00:00;2017-06-26 00:00:00
275;510;198;2017-04-28 00:00:00;2017-04-29 00:00:00
276;511;198;2017-05-13 00:00:00;2017-05-14 00:00:00
277;490;115;2017-06-29 00:00:00;2017-07-02 00:00:00
278;512;198;2017-04-11 00:00:00;2017-04-13 00:00:00
279;255;198;2017-06-02 00:00:00;2017-06-06 00:00:00
280;517;115;2017-05-19 00:00:00;2017-05-21 00:00:00
281;465;115;2017-08-02 00:00:00;2017-08-03 00:00:00
282;518;115;2017-05-30 00:00:00;2017-06-01 00:00:00
283;244;115;2017-05-31 00:00:00;2017-06-03 00:00:00
284;116;198;2017-04-14 00:00:00;2017-04-19 00:00:00
285;230;180;2017-06-30 00:00:00;2017-07-11 00:00:00
286;512;198;2017-04-07 00:00:00;2017-04-11 00:00:00
287;512;198;2017-04-04 00:00:00;2017-04-06 00:00:00
288;531;198;2017-03-07 00:00:00;2017-03-08 00:00:00
289;534;198;2017-03-10 00:00:00;2017-03-12 00:00:00
290;254;115;2017-05-05 00:00:00;2017-05-07 00:00:00
291;536;115;2017-08-07 00:00:00;2017-08-08 00:00:00
292;538;198;2017-07-19 00:00:00;2017-07-25 00:00:00
293;539;198;2017-06-04 00:00:00;2017-06-05 00:00:00
294;543;198;2017-03-13 00:00:00;2017-03-17 00:00:00
295;492;198;2017-04-07 00:00:00;2017-04-08 00:00:00
296;546;186;2017-08-13 00:00:00;2017-08-14 00:00:00
297;497;122;2017-07-03 00:00:00;2017-07-06 00:00:00
298;548;198;2017-03-19 00:00:00;1000-01-01 00:00:00
299;549;115;2017-08-04 00:00:00;2017-08-06 00:00:00
300;551;198;2017-03-31 00:00:00;2017-04-03 00:00:00
301;552;193;2017-06-06 00:00:00;2017-06-08 00:00:00
302;553;115;2017-08-05 00:00:00;2017-08-08 00:00:00
303;554;164;2017-08-05 00:00:00;2017-08-08 00:00:00
304;555;115;2017-08-05 00:00:00;2017-08-08 00:00:00
305;556;115;2017-08-05 00:00:00;2017-08-08 00:00:00
306;557;115;2017-08-03 00:00:00;2017-08-06 00:00:00
307;259;186;2017-05-23 00:00:00;2017-05-24 00:00:00
308;16;115;2017-07-23 00:00:00;2017-07-24 00:00:00
309;569;198;2017-04-26 00:00:00;2017-04-27 00:00:00
310;570;198;2017-06-09 00:00:00;2017-06-10 00:00:00
311;571;198;2017-07-25 00:00:00;2017-07-29 00:00:00
312;572;115;2017-05-26 00:00:00;2017-05-27 00:00:00
313;573;115;2017-07-26 00:00:00;2017-07-29 00:00:00
315;579;198;2017-06-24 00:00:00;2017-06-26 00:00:00
316;581;115;2017-09-09 00:00:00;2017-09-15 00:00:00
317;588;198;2017-05-17 00:00:00;2017-05-19 00:00:00
318;593;198;2017-04-15 00:00:00;2017-04-16 00:00:00
319;596;198;2017-05-24 00:00:00;2017-05-25 00:00:00
320;398;198;2017-04-26 00:00:00;2017-04-27 00:00:00
321;605;198;2017-06-14 00:00:00;2017-06-15 00:00:00
322;613;197;2017-06-02 00:00:00;2017-06-03 00:00:00
324;614;198;2017-06-03 00:00:00;2017-06-04 00:00:00
326;616;197;2017-05-16 00:00:00;2017-05-17 00:00:00
327;617;198;2017-06-10 00:00:00;2017-06-11 00:00:00
328;214;198;2017-05-28 00:00:00;2017-06-01 00:00:00
329;619;191;2017-05-01 00:00:00;2017-05-02 00:00:00
331;621;115;2017-08-18 00:00:00;2017-08-19 00:00:00
332;623;198;2017-06-14 00:00:00;1000-01-01 00:00:00
333;624;198;2017-06-12 00:00:00;2017-06-13 00:00:00
334;628;198;2017-05-08 00:00:00;2017-05-10 00:00:00
335;638;198;2017-05-14 00:00:00;1000-01-01 00:00:00
336;641;198;2017-06-10 00:00:00;2017-06-11 00:00:00
337;642;198;2017-09-13 00:00:00;2017-09-14 00:00:00
338;646;198;2017-05-29 00:00:00;2017-05-30 00:00:00
339;648;198;2017-06-03 00:00:00;2017-06-04 00:00:00
340;649;198;2017-07-18 00:00:00;2017-07-20 00:00:00
341;650;198;2017-07-12 00:00:00;2017-07-18 00:00:00
342;654;198;2017-06-28 00:00:00;2017-06-29 00:00:00
343;662;198;2017-09-04 00:00:00;2017-09-05 00:00:00
344;663;102;2017-05-24 00:00:00;2017-05-26 00:00:00
345;666;198;2017-06-16 00:00:00;2017-06-17 00:00:00
347;672;103;2017-05-28 00:00:00;2017-05-30 00:00:00
348;673;198;2017-08-19 00:00:00;2017-08-20 00:00:00
350;680;198;2017-07-26 00:00:00;2017-08-03 00:00:00
351;682;198;2017-06-05 00:00:00;1000-01-01 00:00:00
352;683;198;2017-06-04 00:00:00;2017-06-06 00:00:00
353;252;198;2017-06-20 00:00:00;2017-06-21 00:00:00
354;690;198;2017-06-23 00:00:00;2017-06-24 00:00:00
355;691;198;2017-06-28 00:00:00;2017-06-29 00:00:00
356;693;138;2017-08-22 00:00:00;2017-08-24 00:00:00
357;678;197;2017-09-25 00:00:00;2017-09-26 00:00:00
358;601;164;2017-07-30 00:00:00;2017-07-31 00:00:00
359;683;198;2017-06-09 00:00:00;2017-06-13 00:00:00
360;668;115;2017-09-09 00:00:00;2017-09-15 00:00:00
361;708;198;2017-06-30 00:00:00;2017-07-02 00:00:00
362;683;198;2017-06-18 00:00:00;2017-06-20 00:00:00
363;653;198;2017-09-04 00:00:00;2017-09-06 00:00:00
364;717;198;2017-08-02 00:00:00;2017-08-06 00:00:00
365;464;198;2017-09-29 00:00:00;2017-10-01 00:00:00
366;724;198;2017-06-26 00:00:00;2017-06-28 00:00:00
367;725;170;2017-07-20 00:00:00;2017-07-21 00:00:00
368;726;186;2017-07-22 00:00:00;2017-07-23 00:00:00
369;683;198;2017-06-25 00:00:00;2017-06-26 00:00:00
370;683;198;2017-06-27 00:00:00;2017-06-28 00:00:00
371;734;198;2017-07-01 00:00:00;2017-07-02 00:00:00
372;743;115;2017-08-02 00:00:00;2017-08-03 00:00:00
374;512;115;2017-10-10 00:00:00;2017-10-12 00:00:00
375;748;198;2017-09-20 00:00:00;2017-09-21 00:00:00
376;749;198;2017-10-25 00:00:00;2017-10-26 00:00:00
378;766;198;2017-07-17 00:00:00;1000-01-01 00:00:00
379;767;198;2017-07-17 00:00:00;1000-01-01 00:00:00
380;772;198;2017-07-13 00:00:00;2017-07-19 00:00:00
381;779;198;2017-07-22 00:00:00;1000-01-01 00:00:00
382;782;198;2017-07-24 00:00:00;1000-01-01 00:00:00
383;36;198;2017-08-06 00:00:00;2017-08-10 00:00:00
384;791;198;2017-08-30 00:00:00;2017-08-31 00:00:00
385;792;115;2017-09-05 00:00:00;2017-09-07 00:00:00
386;797;197;2017-08-22 00:00:00;2017-08-23 00:00:00
387;800;115;2017-09-27 00:00:00;2017-09-29 00:00:00
388;806;198;2017-08-27 00:00:00;1000-01-01 00:00:00
389;807;176;2017-09-06 00:00:00;2017-09-10 00:00:00
390;810;198;2017-09-17 00:00:00;2017-09-19 00:00:00
391;811;198;2017-10-30 00:00:00;2017-11-01 00:00:00
392;816;198;2017-10-06 00:00:00;2017-10-11 00:00:00
393;817;198;2017-10-08 00:00:00;2017-10-18 00:00:00
394;337;186;2017-10-05 00:00:00;2017-10-11 00:00:00
395;822;198;2017-09-18 00:00:00;1000-01-01 00:00:00
396;823;178;2017-09-15 00:00:00;2017-09-20 00:00:00
397;814;198;2017-10-25 00:00:00;2017-10-26 00:00:00
399;830;198;2017-10-28 00:00:00;2017-10-30 00:00:00
401;374;115;2018-08-23 00:00:00;2018-08-25 00:00:00
402;655;198;2018-06-18 00:00:00;2018-06-21 00:00:00
404;846;198;2017-09-29 00:00:00;2017-10-03 00:00:00
405;857;142;2017-11-07 00:00:00;2017-11-09 00:00:00
406;145;123;2018-05-25 00:00:00;2018-05-27 00:00:00
408;870;142;2017-11-22 00:00:00;2017-11-24 00:00:00
409;875;198;2017-12-13 00:00:00;2017-12-14 00:00:00
410;877;186;2017-10-27 00:00:00;2017-10-28 00:00:00
411;881;115;2018-09-26 00:00:00;2018-09-27 00:00:00
413;868;193;2018-09-05 00:00:00;2018-09-07 00:00:00
414;652;115;2018-10-08 00:00:00;2018-10-09 00:00:00
415;920;198;2018-03-17 00:00:00;2018-03-18 00:00:00
416;921;105;2018-04-13 00:00:00;2018-04-16 00:00:00
417;923;198;2018-04-17 00:00:00;2018-04-19 00:00:00
420;172;193;2018-07-21 00:00:00;2018-07-23 00:00:00
423;934;198;2018-03-29 00:00:00;2018-04-04 00:00:00
424;254;115;2018-05-18 00:00:00;2018-05-20 00:00:00
425;933;171;2018-06-25 00:00:00;2018-06-27 00:00:00
426;943;115;2018-06-01 00:00:00;2018-06-06 00:00:00
427;944;115;2018-06-11 00:00:00;2018-06-14 00:00:00
428;165;178;2018-06-16 00:00:00;2018-06-17 00:00:00
430;464;198;2018-04-06 00:00:00;2018-04-08 00:00:00
431;954;198;2018-06-11 00:00:00;2018-06-14 00:00:00
432;955;178;2018-03-31 00:00:00;2018-04-01 00:00:00
433;956;198;2018-06-17 00:00:00;2018-06-19 00:00:00
435;88;115;2018-04-13 00:00:00;2018-04-18 00:00:00
436;230;105;2018-08-07 00:00:00;2018-08-08 00:00:00
437;962;115;2018-07-24 00:00:00;2018-07-26 00:00:00
438;96;186;2018-05-04 00:00:00;2018-05-08 00:00:00
439;96;186;2018-05-09 00:00:00;2018-05-13 00:00:00
440;96;186;2018-05-24 00:00:00;2018-05-30 00:00:00
441;96;186;2018-06-02 00:00:00;2018-06-05 00:00:00
442;965;105;2018-04-30 00:00:00;2018-05-01 00:00:00
443;259;186;2018-05-01 00:00:00;2018-05-02 00:00:00
444;46;198;2018-05-14 00:00:00;2018-05-16 00:00:00
445;464;198;2018-09-21 00:00:00;2018-09-23 00:00:00
447;978;198;2018-08-04 00:00:00;2018-08-07 00:00:00
448;979;198;2018-04-11 00:00:00;2018-04-13 00:00:00
449;932;186;2018-08-12 00:00:00;2018-08-14 00:00:00
450;620;198;2018-05-22 00:00:00;2018-05-27 00:00:00
451;981;123;2018-10-04 00:00:00;2018-10-07 00:00:00
453;984;115;2018-06-25 00:00:00;2018-06-28 00:00:00
454;985;115;2018-07-27 00:00:00;2018-07-28 00:00:00
455;993;198;2018-05-08 00:00:00;2018-05-09 00:00:00
456;994;198;2018-05-15 00:00:00;2018-05-17 00:00:00
457;995;198;2018-06-17 00:00:00;2018-06-18 00:00:00
458;798;115;2018-04-02 00:00:00;2018-04-03 00:00:00
459;1001;115;2018-08-03 00:00:00;2018-08-04 00:00:00
460;1003;198;2018-05-02 00:00:00;2018-05-03 00:00:00
462;997;198;2018-07-01 00:00:00;2018-07-02 00:00:00
463;1007;198;2018-08-27 00:00:00;2018-08-28 00:00:00
464;1013;186;2018-05-01 00:00:00;2018-05-02 00:00:00
465;1015;198;2018-05-08 00:00:00;2018-05-10 00:00:00
466;798;198;2018-04-14 00:00:00;2018-04-15 00:00:00
467;1020;129;2018-06-01 00:00:00;2018-06-03 00:00:00
468;1021;164;1000-01-01 00:00:00;1000-01-01 00:00:00
469;1022;198;2018-09-05 00:00:00;2018-09-06 00:00:00
471;96;186;2018-10-11 00:00:00;2018-10-17 00:00:00
472;96;186;2018-09-06 00:00:00;2018-09-13 00:00:00
473;1035;198;2018-07-28 00:00:00;2018-08-04 00:00:00
474;601;164;2018-07-21 00:00:00;2018-07-22 00:00:00
475;1038;178;2018-07-11 00:00:00;2018-07-12 00:00:00
476;1040;198;2018-06-02 00:00:00;2018-06-06 00:00:00
477;1041;198;2018-06-15 00:00:00;2018-06-16 00:00:00
478;1044;198;2018-05-18 00:00:00;2018-05-20 00:00:00
479;1046;191;2018-06-27 00:00:00;2018-06-30 00:00:00
480;1055;197;2018-07-13 00:00:00;2018-07-14 00:00:00
481;1057;198;2018-07-02 00:00:00;2018-07-03 00:00:00
482;1059;198;2018-10-12 00:00:00;2018-10-13 00:00:00
483;1063;170;2018-06-04 00:00:00;2018-06-05 00:00:00
484;16;115;2018-07-20 00:00:00;2018-07-21 00:00:00
487;1076;198;2018-05-19 00:00:00;2018-05-21 00:00:00
488;678;142;2018-09-17 00:00:00;2018-09-18 00:00:00
489;678;142;2018-09-18 00:00:00;2018-09-19 00:00:00
490;1080;198;2018-06-20 00:00:00;2018-06-21 00:00:00
491;1082;197;2018-05-23 00:00:00;2018-05-28 00:00:00
492;683;198;2018-05-26 00:00:00;2018-05-29 00:00:00
493;1082;133;2018-05-28 00:00:00;2018-05-30 00:00:00
494;1090;191;2018-06-27 00:00:00;2018-07-04 00:00:00
495;1100;198;2018-08-27 00:00:00;2018-08-29 00:00:00
497;1101;198;2018-07-15 00:00:00;2018-07-16 00:00:00
498;1103;115;2018-06-11 00:00:00;2018-06-12 00:00:00
499;1106;115;2018-07-09 00:00:00;2018-07-11 00:00:00
500;1111;115;2018-09-04 00:00:00;2018-09-06 00:00:00
502;1115;198;2018-08-26 00:00:00;2018-08-27 00:00:00
504;1117;198;2018-08-25 00:00:00;2018-08-27 00:00:00
505;683;198;2018-06-16 00:00:00;2018-06-19 00:00:00
506;1123;198;2018-06-30 00:00:00;2018-07-01 00:00:00
508;1126;198;2018-06-20 00:00:00;1000-01-01 00:00:00
509;1129;170;2018-08-09 00:00:00;2018-08-11 00:00:00
510;1131;186;2018-07-06 00:00:00;2018-07-11 00:00:00
511;1137;198;2018-08-25 00:00:00;2018-08-27 00:00:00
512;1141;198;2018-05-30 00:00:00;2018-07-01 00:00:00
513;1142;198;2018-06-29 00:00:00;2018-06-30 00:00:00
514;994;198;2018-07-03 00:00:00;2018-07-05 00:00:00
515;1147;115;2018-08-01 00:00:00;2018-08-07 00:00:00
516;1148;198;2018-08-01 00:00:00;2018-08-06 00:00:00
517;1149;198;2018-08-26 00:00:00;2018-08-27 00:00:00
519;1151;198;2018-08-21 00:00:00;2018-08-23 00:00:00
520;1151;198;2018-10-05 00:00:00;2018-10-10 00:00:00
521;96;186;2018-08-15 00:00:00;2018-08-18 00:00:00
522;96;186;2018-09-19 00:00:00;2018-09-26 00:00:00
523;96;186;2018-10-03 00:00:00;2018-10-11 00:00:00
524;1153;198;2018-08-24 00:00:00;2018-08-27 00:00:00
525;1156;198;2018-09-08 00:00:00;2018-09-13 00:00:00
526;1167;178;2018-07-21 00:00:00;2018-07-22 00:00:00
527;1167;178;2018-07-27 00:00:00;2018-07-28 00:00:00
528;1178;197;2018-07-25 00:00:00;2018-07-26 00:00:00
529;811;198;2018-10-29 00:00:00;2018-10-31 00:00:00
530;1180;198;2018-08-05 00:00:00;2018-08-07 00:00:00
531;1183;198;2018-09-05 00:00:00;2018-09-06 00:00:00
532;1185;115;2018-08-22 00:00:00;2018-09-05 00:00:00
533;1187;198;2018-08-25 00:00:00;2018-08-27 00:00:00
534;1190;198;2018-09-12 00:00:00;2018-09-13 00:00:00
535;1194;198;2018-09-03 00:00:00;2018-09-04 00:00:00
536;1205;142;2018-08-26 00:00:00;2018-08-31 00:00:00
537;1209;198;2018-10-10 00:00:00;2018-10-18 00:00:00
538;1210;198;2018-10-08 00:00:00;2018-10-18 00:00:00
539;1219;197;2018-10-09 00:00:00;2018-10-11 00:00:00
540;1220;198;2018-09-21 00:00:00;2018-10-01 00:00:00
541;1221;198;2018-10-01 00:00:00;2018-10-02 00:00:00
542;1222;198;2018-09-28 00:00:00;2018-09-30 00:00:00
543;1222;198;2018-09-30 00:00:00;2018-10-02 00:00:00
544;1225;186;2018-09-06 00:00:00;2018-09-11 00:00:00
545;1229;198;2018-10-06 00:00:00;2018-10-07 00:00:00
546;1205;198;2018-09-15 00:00:00;2018-09-17 00:00:00
547;1205;198;2018-09-24 00:00:00;2018-09-25 00:00:00
548;423;198;2018-10-14 00:00:00;2018-10-15 00:00:00
549;1243;198;2018-11-23 00:00:00;2018-11-25 00:00:00
550;423;198;2018-10-20 00:00:00;2018-10-21 00:00:00
551;423;198;2018-10-31 00:00:00;2018-11-01 00:00:00
552;1205;126;2018-10-29 00:00:00;2018-11-06 00:00:00
553;1254;123;2019-04-13 00:00:00;2019-04-14 00:00:00
554;1192;198;2019-04-12 00:00:00;2019-04-17 00:00:00
555;1256;198;2019-05-13 00:00:00;2019-05-15 00:00:00
556;1213;186;2019-05-06 00:00:00;2019-05-07 00:00:00
558;172;198;2019-06-30 00:00:00;2019-07-02 00:00:00
559;1268;176;2019-06-12 00:00:00;2019-06-18 00:00:00
561;1264;115;2019-07-19 00:00:00;2019-07-20 00:00:00
562;1287;115;2019-10-13 00:00:00;2019-10-16 00:00:00
563;1146;198;2019-06-04 00:00:00;2019-06-06 00:00:00
564;1146;198;2019-07-02 00:00:00;2019-07-04 00:00:00
565;1262;198;2019-05-28 00:00:00;2019-05-29 00:00:00
566;1309;161;2019-06-16 00:00:00;2019-06-20 00:00:00
567;1308;198;2019-09-27 00:00:00;2019-09-28 00:00:00
568;1262;198;2019-05-29 00:00:00;2019-05-30 00:00:00
569;1261;115;2019-03-20 00:00:00;2019-03-21 00:00:00
570;1316;193;2019-06-18 00:00:00;2019-06-21 00:00:00
571;1317;115;2019-06-02 00:00:00;2019-06-03 00:00:00
572;1151;198;2019-04-12 00:00:00;2019-04-17 00:00:00
573;1151;198;2019-10-11 00:00:00;2019-10-16 00:00:00
574;1273;215;2019-03-16 00:00:00;2019-03-17 00:00:00
575;1328;198;2019-03-15 00:00:00;2019-03-18 00:00:00
576;1325;115;2019-04-21 00:00:00;2019-04-25 00:00:00
577;1269;115;2019-09-23 00:00:00;2019-09-25 00:00:00
578;1329;145;2019-06-24 00:00:00;2019-06-25 00:00:00
579;933;0;2019-06-25 00:00:00;2019-06-26 00:00:00
580;1335;0;2019-02-18 00:00:00;2019-02-19 00:00:00
581;1335;0;1000-01-01 00:00:00;1000-01-01 00:00:00
582;254;115;2019-05-10 00:00:00;2019-05-12 00:00:00
583;1330;191;2019-07-14 00:00:00;2019-07-15 00:00:00
584;96;186;2019-04-25 00:00:00;2019-04-30 00:00:00
585;1342;198;2019-06-24 00:00:00;2019-06-25 00:00:00
586;1343;198;2019-09-02 00:00:00;2019-09-03 00:00:00
587;423;0;2019-03-25 00:00:00;2019-03-26 00:00:00
588;423;0;1000-01-01 00:00:00;1000-01-01 00:00:00
589;423;0;1000-01-01 00:00:00;1000-01-01 00:00:00
590;423;198;2019-03-22 00:00:00;2019-03-26 00:00:00
591;504;115;2019-07-25 00:00:00;2019-07-26 00:00:00
592;579;198;2019-06-29 00:00:00;2019-07-01 00:00:00
593;596;198;2019-06-12 00:00:00;2019-06-13 00:00:00
594;1354;138;2019-04-30 00:00:00;2019-05-02 00:00:00
595;1355;198;2019-07-16 00:00:00;2019-07-23 00:00:00
596;811;198;2019-08-26 00:00:00;2019-08-28 00:00:00
597;1357;138;2019-05-22 00:00:00;2019-05-24 00:00:00
598;1358;197;2019-04-01 00:00:00;2019-04-02 00:00:00
599;1358;0;1000-01-01 00:00:00;1000-01-01 00:00:00
600;252;193;2019-05-17 00:00:00;2019-05-24 00:00:00
601;1359;115;2019-05-24 00:00:00;2019-05-28 00:00:00
602;1362;198;2019-06-14 00:00:00;2019-06-16 00:00:00
603;1367;191;2019-04-24 00:00:00;2019-04-25 00:00:00
604;1370;198;2019-05-13 00:00:00;2019-05-15 00:00:00
605;1371;198;2019-05-07 00:00:00;2019-05-08 00:00:00
606;1372;0;2019-06-07 00:00:00;2019-06-08 00:00:00
607;1373;115;2019-05-28 00:00:00;2019-05-30 00:00:00
608;1376;198;2019-06-19 00:00:00;2019-06-20 00:00:00
609;1377;138;2019-05-20 00:00:00;2019-05-22 00:00:00
610;1378;198;2019-07-04 00:00:00;2019-07-10 00:00:00
611;1254;0;1000-01-01 00:00:00;1000-01-01 00:00:00
612;1380;0;2019-06-07 00:00:00;2019-06-11 00:00:00
613;1381;115;2019-06-23 00:00:00;2019-06-24 00:00:00
614;1382;197;2019-10-07 00:00:00;2019-10-08 00:00:00
615;1383;178;2019-08-02 00:00:00;2019-08-26 00:00:00
616;88;115;2019-05-04 00:00:00;2019-05-08 00:00:00
617;16;115;2019-07-12 00:00:00;2019-07-13 00:00:00
618;937;186;2019-06-15 00:00:00;2019-06-18 00:00:00
619;543;0;1000-01-01 00:00:00;1000-01-01 00:00:00
620;543;0;2019-04-16 00:00:00;2019-04-19 00:00:00
621;543;0;1000-01-01 00:00:00;1000-01-01 00:00:00
622;1106;115;2019-05-07 00:00:00;2019-05-08 00:00:00
623;1394;115;2019-07-02 00:00:00;2019-07-04 00:00:00
624;423;136;2019-04-27 00:00:00;2019-04-28 00:00:00
625;620;221;2019-06-02 00:00:00;2019-06-07 00:00:00
626;1396;198;2019-06-21 00:00:00;2019-06-23 00:00:00
627;1399;198;2019-06-03 00:00:00;2019-06-04 00:00:00
628;423;115;2019-05-05 00:00:00;2019-05-08 00:00:00
629;423;0;1000-01-01 00:00:00;1000-01-01 00:00:00
630;1403;0;2023-07-15 00:00:00;2023-07-29 00:00:00
631;1404;0;2019-05-09 00:00:00;2019-05-10 00:00:00
632;1406;0;2019-05-12 00:00:00;2019-05-13 00:00:00
633;1406;0;1000-01-01 00:00:00;1000-01-01 00:00:00
634;423;0;2019-05-12 00:00:00;2019-05-13 00:00:00
635;423;0;1000-01-01 00:00:00;1000-01-01 00:00:00
636;1370;0;1000-01-01 00:00:00;1000-01-01 00:00:00
637;1411;0;1000-01-01 00:00:00;1000-01-01 00:00:00
638;423;0;2019-05-15 00:00:00;1000-01-01 00:00:00
639;1413;198;2019-06-04 00:00:00;2019-06-06 00:00:00
640;1414;198;2019-06-17 00:00:00;2019-06-18 00:00:00
641;1423;191;2019-05-27 00:00:00;2019-05-28 00:00:00
642;1427;198;2019-06-16 00:00:00;2019-06-17 00:00:00
643;1428;115;2019-06-29 00:00:00;2019-07-01 00:00:00
644;1429;115;2019-07-21 00:00:00;2019-07-22 00:00:00
645;1430;115;2019-08-05 00:00:00;2019-08-06 00:00:00
646;423;221;2019-05-30 00:00:00;2019-06-02 00:00:00
647;1432;198;2019-07-15 00:00:00;2019-07-16 00:00:00
648;423;0;2019-06-03 00:00:00;2019-06-05 00:00:00
649;1436;0;2019-06-10 00:00:00;2019-06-11 00:00:00
650;1436;0;1000-01-01 00:00:00;1000-01-01 00:00:00
651;1440;0;2019-06-10 00:00:00;2019-06-11 00:00:00
652;1443;115;2019-08-25 00:00:00;2019-08-26 00:00:00
653;1444;115;2019-07-10 00:00:00;2019-07-20 00:00:00
654;1445;198;2019-09-14 00:00:00;2019-09-17 00:00:00
655;1446;114;2019-10-16 00:00:00;2019-10-17 00:00:00
656;1450;0;2019-06-21 00:00:00;2019-06-22 00:00:00
657;1396;0;1000-01-01 00:00:00;1000-01-01 00:00:00
658;423;0;2019-06-23 00:00:00;2019-06-24 00:00:00
659;423;0;1000-01-01 00:00:00;1000-01-01 00:00:00
660;1456;115;2019-10-25 00:00:00;2019-10-29 00:00:00
661;1462;0;2019-06-25 00:00:00;2019-06-26 00:00:00
662;1462;0;1000-01-01 00:00:00;1000-01-01 00:00:00
667;1466;0;2019-06-29 00:00:00;2019-06-30 00:00:00
668;1466;0;1000-01-01 00:00:00;1000-01-01 00:00:00
669;1472;178;2019-09-29 00:00:00;2019-09-30 00:00:00
670;1474;198;2019-09-18 00:00:00;2019-09-19 00:00:00
671;1479;0;1000-01-01 00:00:00;1000-01-01 00:00:00
672;1479;0;1000-01-01 00:00:00;1000-01-01 00:00:00
673;1480;0;2019-07-07 00:00:00;2019-07-09 00:00:00
674;1501;197;2019-08-02 00:00:00;2019-08-03 00:00:00
675;1509;171;2019-10-01 00:00:00;2019-10-02 00:00:00
676;1511;198;2019-09-09 00:00:00;2019-09-10 00:00:00
677;423;115;2019-08-03 00:00:00;2019-08-04 00:00:00
678;1514;0;2019-08-04 00:00:00;2019-08-05 00:00:00
679;1514;0;1000-01-01 00:00:00;1000-01-01 00:00:00
680;1514;0;1000-01-01 00:00:00;1000-01-01 00:00:00
681;1514;0;1000-01-01 00:00:00;1000-01-01 00:00:00
682;1519;0;2019-08-29 00:00:00;2019-09-01 00:00:00
683;1520;115;2019-09-18 00:00:00;2019-09-19 00:00:00
684;1525;198;2019-09-16 00:00:00;2019-09-19 00:00:00
685;1526;115;2019-10-28 00:00:00;2019-10-31 00:00:00
686;1540;0;2019-08-26 00:00:00;2019-08-27 00:00:00
687;1540;0;1000-01-01 00:00:00;1000-01-01 00:00:00
688;1541;198;2019-11-06 00:00:00;2019-11-07 00:00:00
689;1542;0;2019-08-29 00:00:00;2019-08-30 00:00:00
690;1552;198;2019-09-27 00:00:00;2019-09-29 00:00:00
691;1512;0;2019-09-06 00:00:00;2019-09-07 00:00:00
692;1560;178;2019-09-16 00:00:00;2019-09-20 00:00:00
693;1565;123;2019-10-28 00:00:00;2019-10-29 00:00:00
694;1566;138;2019-10-09 00:00:00;2019-10-10 00:00:00
695;1569;0;2019-09-15 00:00:00;2019-09-16 00:00:00
696;1575;0;2019-08-15 00:00:00;1000-01-01 00:00:00
697;423;0;2019-09-01 00:00:00;2019-09-22 00:00:00
698;423;0;2019-09-01 00:00:00;1000-01-01 00:00:00
699;96;186;2019-10-31 00:00:00;2019-11-01 00:00:00
700;96;186;2019-11-01 00:00:00;2019-11-06 00:00:00
701;1608;119;2023-03-27 00:00:00;2023-03-28 00:00:00
702;933;171;2023-07-05 00:00:00;2023-07-07 00:00:00
703;1609;198;2019-10-23 00:00:00;2019-10-24 00:00:00
704;1151;198;2023-10-09 00:00:00;2023-10-14 00:00:00
705;1608;0;1000-01-01 00:00:00;1000-01-01 00:00:00
706;1597;164;2023-07-03 00:00:00;2023-07-04 00:00:00
707;259;186;2023-05-05 00:00:00;2023-05-06 00:00:00
708;1614;198;2023-09-09 00:00:00;2023-09-10 00:00:00
709;1618;0;2019-11-09 00:00:00;2019-11-12 00:00:00
710;1618;0;1000-01-01 00:00:00;1000-01-01 00:00:00
711;1623;115;2019-12-05 00:00:00;2019-12-08 00:00:00
712;1624;198;2023-06-26 00:00:00;2023-06-30 00:00:00
713;709;0;1000-01-01 00:00:00;1000-01-01 00:00:00
714;1151;198;2023-10-09 00:00:00;2023-10-14 00:00:00
715;1151;198;2023-04-10 00:00:00;2023-04-15 00:00:00
716;1630;198;2023-05-15 00:00:00;2023-05-19 00:00:00
717;1634;0;2023-06-08 00:00:00;2023-06-09 00:00:00
718;423;0;2019-12-06 00:00:00;2019-12-09 00:00:00
719;1635;145;2019-12-10 00:00:00;2019-12-13 00:00:00
720;1635;0;1000-01-01 00:00:00;1000-01-01 00:00:00
721;1628;0;2023-08-07 00:00:00;2023-08-10 00:00:00
722;1638;0;2023-03-20 00:00:00;2023-03-22 00:00:00
723;1639;0;2023-08-04 00:00:00;2023-08-09 00:00:00
724;1486;0;2023-08-01 00:00:00;2023-08-03 00:00:00
725;1640;0;2023-04-07 00:00:00;2023-04-09 00:00:00
726;1642;0;2023-06-10 00:00:00;2023-06-12 00:00:00
727;1643;0;2023-06-05 00:00:00;2023-06-06 00:00:00
728;1644;0;2023-06-29 00:00:00;2023-06-30 00:00:00
729;1638;0;1000-01-01 00:00:00;1000-01-01 00:00:00
730;1638;0;2023-03-20 00:00:00;2023-03-22 00:00:00
731;1646;0;2023-03-16 00:00:00;2023-03-18 00:00:00
732;1647;0;2023-06-05 00:00:00;2023-06-06 00:00:00
733;1579;0;2023-04-01 00:00:00;2023-04-02 00:00:00
734;1648;0;2023-06-26 00:00:00;2023-06-27 00:00:00
735;1649;0;2023-07-29 00:00:00;2023-08-05 00:00:00
736;1650;0;2023-06-19 00:00:00;2023-06-24 00:00:00
737;172;0;2023-06-13 00:00:00;2023-06-15 00:00:00
738;1651;0;2023-03-18 00:00:00;2023-03-19 00:00:00
739;1652;0;2023-05-03 00:00:00;2023-05-04 00:00:00
740;1653;0;2023-05-21 00:00:00;2023-05-26 00:00:00
741;1654;0;2023-03-04 00:00:00;2023-03-11 00:00:00
742;1655;0;2023-03-04 00:00:00;2023-03-05 00:00:00
743;219;0;2023-03-04 00:00:00;2023-03-05 00:00:00
744;1656;0;2023-03-06 00:00:00;2023-03-08 00:00:00
745;1657;0;2023-05-15 00:00:00;2023-05-30 00:00:00
746;1658;0;2023-04-26 00:00:00;2023-04-27 00:00:00
747;1659;0;2023-04-17 00:00:00;2023-04-18 00:00:00
748;1660;0;2023-07-25 00:00:00;2023-07-28 00:00:00
749;1661;0;2023-04-23 00:00:00;2023-04-25 00:00:00
750;1662;0;2023-05-23 00:00:00;2023-05-28 00:00:00
751;1663;0;2023-03-17 00:00:00;2023-03-19 00:00:00
752;1664;0;2023-05-19 00:00:00;2023-05-20 00:00:00
753;254;0;2023-05-29 00:00:00;2023-05-31 00:00:00
754;1665;0;2023-03-27 00:00:00;2023-03-29 00:00:00
755;1666;0;2023-03-14 00:00:00;2023-03-15 00:00:00
756;1667;0;2023-03-18 00:00:00;2023-03-19 00:00:00
757;1668;0;2023-06-03 00:00:00;2023-06-04 00:00:00
758;1669;0;2023-04-28 00:00:00;2023-04-29 00:00:00
759;1664;0;2023-05-19 00:00:00;2023-05-20 00:00:00
760;1670;0;2023-06-11 00:00:00;2023-06-20 00:00:00
761;1671;0;2023-04-28 00:00:00;2023-05-01 00:00:00
762;1671;0;2023-04-29 00:00:00;2023-05-01 00:00:00
763;1672;0;2023-06-09 00:00:00;2023-06-11 00:00:00
764;1673;0;2023-03-30 00:00:00;2023-04-02 00:00:00
765;1674;0;2023-04-20 00:00:00;2023-04-22 00:00:00
766;1675;0;2023-04-14 00:00:00;2023-04-16 00:00:00
767;1675;0;2023-04-14 00:00:00;2023-04-18 00:00:00
768;1676;0;1000-01-01 00:00:00;1000-01-01 00:00:00
769;1677;0;2023-03-18 00:00:00;2023-03-19 00:00:00
770;1678;0;2023-03-27 00:00:00;2023-03-31 00:00:00
771;1679;0;2023-03-18 00:00:00;2023-03-21 00:00:00
772;1681;0;2023-03-20 00:00:00;2023-03-23 00:00:00
773;1681;0;2023-03-28 00:00:00;2023-03-31 00:00:00
774;1681;0;2023-04-02 00:00:00;2023-04-07 00:00:00
775;1682;0;2023-09-04 00:00:00;2023-09-11 00:00:00
776;1684;0;2023-04-21 00:00:00;2023-04-23 00:00:00
777;1685;0;2023-04-25 00:00:00;2023-04-27 00:00:00
778;1686;0;2023-04-08 00:00:00;2023-04-09 00:00:00
779;1687;0;2023-09-05 00:00:00;2023-09-07 00:00:00
780;1688;0;2023-04-10 00:00:00;2023-04-12 00:00:00
781;1689;0;2023-09-01 00:00:00;2023-09-02 00:00:00
782;1690;0;2023-06-10 00:00:00;2023-06-11 00:00:00
783;1691;0;2023-04-22 00:00:00;2023-04-23 00:00:00
784;1692;0;2023-04-18 00:00:00;2023-04-20 00:00:00
785;1693;0;2023-04-20 00:00:00;2023-04-21 00:00:00
786;1694;0;2023-04-26 00:00:00;2023-04-27 00:00:00
787;1695;0;2023-10-09 00:00:00;2023-10-24 00:00:00
788;1696;0;2023-04-26 00:00:00;2023-04-29 00:00:00
789;1697;0;2023-04-26 00:00:00;2023-04-28 00:00:00
790;1698;0;2023-04-15 00:00:00;2023-04-17 00:00:00
791;1700;0;1000-01-01 00:00:00;1000-01-01 00:00:00
792;1699;0;1000-01-01 00:00:00;1000-01-01 00:00:00
793;1701;0;2023-06-24 00:00:00;2023-06-25 00:00:00
794;1702;0;1000-01-01 00:00:00;1000-01-01 00:00:00
795;1703;0;2023-04-28 00:00:00;2023-05-01 00:00:00
796;1704;0;1000-01-01 00:00:00;1000-01-01 00:00:00
797;1705;0;2023-07-10 00:00:00;2023-07-14 00:00:00
798;939;0;1000-01-01 00:00:00;1000-01-01 00:00:00
799;1706;0;2023-04-08 00:00:00;2023-04-16 00:00:00
800;1708;0;2023-05-01 00:00:00;2023-05-05 00:00:00
801;1709;0;2023-06-26 00:00:00;2023-07-01 00:00:00
802;1671;0;2023-04-28 00:00:00;2023-05-01 00:00:00
803;1710;0;2023-04-28 00:00:00;2023-04-30 00:00:00
804;1711;0;1000-01-01 00:00:00;1000-01-01 00:00:00
805;1713;0;2023-04-17 00:00:00;2023-04-18 00:00:00
806;1714;0;1000-01-01 00:00:00;1000-01-01 00:00:00
807;1715;0;1000-01-01 00:00:00;1000-01-01 00:00:00
808;1717;0;1000-01-01 00:00:00;1000-01-01 00:00:00
809;1716;0;2023-04-15 00:00:00;2023-04-17 00:00:00
810;1720;0;2023-06-02 00:00:00;2023-06-05 00:00:00
811;1721;0;2023-09-28 00:00:00;2023-09-29 00:00:00
812;1723;0;2023-04-14 00:00:00;2023-04-15 00:00:00
813;1724;0;1000-01-01 00:00:00;1000-01-01 00:00:00
814;1725;0;1000-01-01 00:00:00;1000-01-01 00:00:00
815;1726;0;1000-01-01 00:00:00;1000-01-01 00:00:00
817;1727;0;2023-06-12 00:00:00;2023-06-13 00:00:00
818;1728;0;2023-09-25 00:00:00;2023-09-29 00:00:00
819;1729;0;2023-07-08 00:00:00;2023-07-11 00:00:00
820;811;0;2023-08-31 00:00:00;2023-09-02 00:00:00
821;1730;0;2023-07-23 00:00:00;2023-07-27 00:00:00
822;88;0;2023-08-06 00:00:00;2023-08-12 00:00:00
823;1731;0;2023-05-27 00:00:00;2023-05-28 00:00:00
824;1732;0;2023-05-21 00:00:00;2023-05-23 00:00:00
825;1733;0;2023-06-04 00:00:00;2023-06-05 00:00:00
826;1733;0;2023-06-18 00:00:00;2023-06-19 00:00:00
827;1737;0;2023-04-28 00:00:00;2023-04-29 00:00:00
828;1738;0;2023-05-06 00:00:00;2023-05-07 00:00:00
829;1739;0;1000-01-01 00:00:00;1000-01-01 00:00:00
830;1740;0;2023-06-07 00:00:00;2023-06-08 00:00:00
831;1741;0;2023-05-27 00:00:00;2023-06-05 00:00:00
832;1742;0;1000-01-01 00:00:00;1000-01-01 00:00:00
833;1743;0;2023-06-20 00:00:00;2023-06-21 00:00:00
834;1744;0;2023-06-09 00:00:00;2023-06-10 00:00:00
835;1746;0;2023-05-21 00:00:00;2023-05-23 00:00:00
836;1747;0;2023-09-28 00:00:00;2023-09-29 00:00:00
837;1749;0;1000-01-01 00:00:00;1000-01-01 00:00:00
838;1146;0;2023-06-01 00:00:00;2023-06-03 00:00:00
839;1750;0;2023-07-17 00:00:00;2023-07-20 00:00:00
840;1751;0;2023-06-14 00:00:00;2023-06-15 00:00:00
841;1752;0;2023-04-28 00:00:00;2023-05-01 00:00:00
842;1753;0;2023-05-13 00:00:00;2023-05-14 00:00:00
843;1754;0;2023-05-24 00:00:00;2023-05-25 00:00:00
844;1755;0;2023-06-26 00:00:00;2023-06-27 00:00:00
845;1756;0;1000-01-01 00:00:00;1000-01-01 00:00:00
846;1758;0;2023-06-17 00:00:00;2023-06-25 00:00:00
847;1764;0;2023-06-08 00:00:00;2023-06-09 00:00:00
848;1765;0;2023-06-15 00:00:00;2023-06-16 00:00:00
849;1766;0;2023-08-19 00:00:00;2023-08-20 00:00:00
850;1767;0;2023-05-18 00:00:00;2023-05-19 00:00:00
851;1768;0;2023-06-22 00:00:00;2023-06-23 00:00:00
852;1769;0;2023-09-09 00:00:00;2023-09-10 00:00:00
853;1770;0;2023-07-10 00:00:00;2023-07-14 00:00:00
854;1771;0;2023-06-23 00:00:00;2023-06-25 00:00:00
855;1772;0;2023-06-15 00:00:00;2023-06-25 00:00:00
856;1773;0;2023-06-06 00:00:00;2023-06-07 00:00:00
857;1773;0;2023-06-06 00:00:00;2023-06-07 00:00:00
858;1774;0;2023-10-23 00:00:00;2023-10-24 00:00:00
859;1775;0;1000-01-01 00:00:00;1000-01-01 00:00:00
860;1776;0;2023-06-06 00:00:00;2023-06-07 00:00:00
861;1778;0;1000-01-01 00:00:00;1000-01-01 00:00:00
862;1779;0;2023-06-10 00:00:00;2023-06-12 00:00:00
863;1780;0;2023-07-17 00:00:00;2023-07-20 00:00:00
864;1781;0;2023-10-29 00:00:00;2023-10-30 00:00:00
865;1782;0;2023-06-01 00:00:00;2023-06-02 00:00:00
866;1783;0;1000-01-01 00:00:00;1000-01-01 00:00:00
867;1784;0;1000-01-01 00:00:00;1000-01-01 00:00:00
868;1785;0;2023-05-23 00:00:00;2023-05-28 00:00:00
869;1786;0;2023-06-15 00:00:00;2023-06-16 00:00:00
870;1787;0;2023-08-21 00:00:00;2023-08-25 00:00:00
871;1788;0;2023-06-26 00:00:00;2023-06-27 00:00:00
872;1789;0;2023-06-24 00:00:00;2023-06-25 00:00:00
873;1790;0;2023-06-17 00:00:00;2023-06-24 00:00:00
874;1790;0;2023-06-17 00:00:00;2023-06-24 00:00:00
875;1791;0;2023-05-31 00:00:00;2023-06-01 00:00:00
876;1782;0;1000-01-01 00:00:00;1000-01-01 00:00:00
877;1792;0;2023-06-01 00:00:00;2023-06-02 00:00:00
878;1793;0;2023-06-30 00:00:00;2023-07-01 00:00:00
879;1794;0;2023-07-10 00:00:00;2023-07-14 00:00:00
880;1795;0;2023-07-14 00:00:00;2023-07-28 00:00:00
881;1796;0;2023-06-18 00:00:00;2023-06-24 00:00:00
882;1797;0;2023-06-06 00:00:00;2023-06-18 00:00:00
883;1798;0;2023-08-06 00:00:00;2023-08-11 00:00:00
884;1799;0;2023-06-30 00:00:00;2023-07-01 00:00:00
885;1801;0;2023-08-11 00:00:00;2023-08-14 00:00:00
886;1802;0;1000-01-01 00:00:00;1000-01-01 00:00:00
887;1803;0;1000-01-01 00:00:00;1000-01-01 00:00:00
888;1804;0;2023-06-19 00:00:00;2023-06-22 00:00:00
889;1805;0;1000-01-01 00:00:00;1000-01-01 00:00:00
890;1806;0;2023-06-12 00:00:00;2023-06-13 00:00:00
891;1808;0;2023-09-03 00:00:00;2023-09-04 00:00:00
892;1808;0;2023-09-06 00:00:00;2023-09-07 00:00:00
893;1809;0;2023-06-22 00:00:00;2023-06-23 00:00:00
894;1810;0;2023-06-28 00:00:00;2023-06-29 00:00:00
895;1811;0;2023-06-20 00:00:00;2023-06-23 00:00:00
896;1812;0;2023-06-14 00:00:00;2023-06-18 00:00:00
897;1813;0;1000-01-01 00:00:00;1000-01-01 00:00:00
898;1814;0;1000-01-01 00:00:00;1000-01-01 00:00:00
899;1815;0;2023-07-31 00:00:00;2023-08-03 00:00:00
900;1816;0;2023-07-24 00:00:00;2023-08-01 00:00:00
901;1817;0;1000-01-01 00:00:00;1000-01-01 00:00:00
902;1817;0;2023-06-17 00:00:00;2023-06-24 00:00:00
903;1818;0;1000-01-01 00:00:00;1000-01-01 00:00:00
904;1819;0;1000-01-01 00:00:00;1000-01-01 00:00:00
905;1820;0;2023-06-24 00:00:00;2023-06-25 00:00:00
906;1821;0;2023-07-01 00:00:00;2023-07-02 00:00:00
907;1822;0;2023-07-27 00:00:00;2023-07-29 00:00:00
908;1823;0;2023-07-07 00:00:00;2023-07-09 00:00:00
909;1824;0;1000-01-01 00:00:00;1000-01-01 00:00:00
910;1825;0;2023-08-30 00:00:00;2023-08-31 00:00:00
911;1826;0;1000-01-01 00:00:00;1000-01-01 00:00:00
912;1827;0;2023-07-24 00:00:00;2023-07-25 00:00:00
913;1828;0;2023-10-11 00:00:00;2023-10-22 00:00:00
914;1829;0;2023-07-03 00:00:00;2023-07-04 00:00:00
915;1831;0;2023-07-06 00:00:00;2023-07-07 00:00:00
916;1832;0;2023-07-21 00:00:00;2023-07-23 00:00:00
917;1833;0;2023-09-30 00:00:00;2023-10-07 00:00:00
918;1835;0;2023-09-08 00:00:00;2023-09-09 00:00:00
919;1836;0;2023-08-18 00:00:00;2023-08-19 00:00:00
920;1842;0;2023-07-29 00:00:00;2023-08-10 00:00:00
921;1842;0;2023-07-29 00:00:00;2023-08-10 00:00:00
922;1843;0;2023-09-07 00:00:00;2023-09-08 00:00:00
923;1844;0;2023-07-31 00:00:00;2023-08-03 00:00:00
924;1845;0;2023-07-25 00:00:00;2023-07-30 00:00:00
925;1846;0;2023-08-22 00:00:00;2023-08-25 00:00:00
926;1846;0;2023-09-04 00:00:00;2023-09-06 00:00:00
927;1804;0;2023-08-08 00:00:00;2023-08-11 00:00:00
928;1848;0;2023-08-12 00:00:00;2023-08-14 00:00:00
929;1852;0;2023-10-07 00:00:00;2023-10-08 00:00:00
930;1855;0;2023-08-12 00:00:00;2023-08-13 00:00:00
931;1857;0;2023-08-11 00:00:00;2023-08-13 00:00:00
932;1858;0;2023-07-17 00:00:00;2023-07-20 00:00:00
933;1859;0;2023-07-17 00:00:00;2023-07-20 00:00:00
934;1860;0;2023-07-17 00:00:00;2023-07-20 00:00:00
935;1861;0;2023-07-17 00:00:00;2023-07-20 00:00:00
936;1862;0;2023-07-17 00:00:00;2023-07-20 00:00:00
937;1862;0;2023-07-17 00:00:00;2023-07-20 00:00:00
938;1863;0;1000-01-01 00:00:00;1000-01-01 00:00:00
939;1864;0;2023-08-04 00:00:00;2023-08-05 00:00:00
940;1865;0;2023-09-18 00:00:00;2023-09-20 00:00:00
941;1868;0;2023-08-12 00:00:00;2023-08-13 00:00:00
942;96;0;1000-01-01 00:00:00;1000-01-01 00:00:00
943;1871;0;2023-09-02 00:00:00;2023-09-04 00:00:00
944;1872;0;2023-08-04 00:00:00;2023-08-05 00:00:00
945;1873;0;2023-08-25 00:00:00;2023-08-27 00:00:00
946;1877;0;2023-08-18 00:00:00;2023-08-20 00:00:00
947;1878;0;2001-05-25 00:00:00;2001-05-27 00:00:00
948;1879;0;2001-05-15 00:00:00;2001-05-16 00:00:00
949;1880;0;2023-09-17 00:00:00;2023-09-21 00:00:00
950;1881;0;2023-09-09 00:00:00;2023-09-10 00:00:00
951;1883;0;2023-10-06 00:00:00;2023-10-23 00:00:00
952;1884;0;2023-08-05 00:00:00;2023-08-06 00:00:00
953;1889;0;2023-10-11 00:00:00;2023-10-23 00:00:00
954;1798;0;1000-01-01 00:00:00;1000-01-01 00:00:00
955;1896;0;2023-10-13 00:00:00;2023-10-15 00:00:00
956;1897;0;2023-09-30 00:00:00;2023-10-01 00:00:00
957;1898;0;2023-09-11 00:00:00;2023-09-14 00:00:00
958;1898;0;2023-09-18 00:00:00;2023-09-21 00:00:00
959;1899;0;2023-09-05 00:00:00;2023-09-10 00:00:00
960;1900;0;2023-09-18 00:00:00;2023-09-20 00:00:00
961;1901;0;2023-10-19 00:00:00;2023-10-20 00:00:00
962;1903;0;2023-09-09 00:00:00;2023-09-10 00:00:00
963;1905;0;2023-10-20 00:00:00;2023-10-22 00:00:00
964;1906;0;2023-10-12 00:00:00;2023-10-22 00:00:00
965;1907;0;2023-10-09 00:00:00;2023-10-14 00:00:00
966;1908;0;2023-09-18 00:00:00;2023-09-20 00:00:00
967;1909;0;2001-03-16 00:00:00;2001-03-18 00:00:00
968;1911;0;2023-08-26 00:00:00;2023-08-27 00:00:00
969;1912;0;2023-08-26 00:00:00;2023-08-27 00:00:00
970;1913;0;2023-08-26 00:00:00;2023-08-27 00:00:00
971;1915;0;2023-09-18 00:00:00;2023-09-20 00:00:00
972;1916;0;2023-09-19 00:00:00;2023-09-21 00:00:00
973;1917;0;2023-10-20 00:00:00;2023-10-22 00:00:00
974;1918;0;2023-09-24 00:00:00;2023-09-27 00:00:00
975;1919;0;2023-10-11 00:00:00;2023-10-22 00:00:00
976;1920;0;2023-09-04 00:00:00;2023-09-05 00:00:00
977;1921;0;2023-10-08 00:00:00;2023-10-09 00:00:00
978;1922;0;2023-10-05 00:00:00;2023-10-06 00:00:00
979;1923;0;2023-10-06 00:00:00;2023-10-08 00:00:00
980;1924;0;1000-01-01 00:00:00;1000-01-01 00:00:00
981;1925;0;2023-09-25 00:00:00;2023-09-26 00:00:00
982;1927;0;2023-10-21 00:00:00;2023-10-22 00:00:00
983;1928;0;2023-10-28 00:00:00;2023-10-29 00:00:00
984;1929;0;1000-01-01 00:00:00;1000-01-01 00:00:00
985;1929;0;1000-01-01 00:00:00;1000-01-01 00:00:00
986;1930;0;2023-11-11 00:00:00;2023-11-12 00:00:00
987;1931;0;1000-01-01 00:00:00;1000-01-01 00:00:00
988;1934;0;2023-09-12 00:00:00;2023-09-15 00:00:00
989;1935;0;2001-07-02 00:00:00;2001-07-04 00:00:00
990;1936;0;1000-01-01 00:00:00;1000-01-01 00:00:00
991;1937;0;2023-10-21 00:00:00;2023-11-01 00:00:00
992;1938;0;2023-10-03 00:00:00;2023-10-05 00:00:00
993;1939;0;2023-09-22 00:00:00;2023-09-24 00:00:00
994;1940;0;2023-09-20 00:00:00;2023-09-22 00:00:00
995;1941;0;2023-10-23 00:00:00;2023-10-26 00:00:00
996;1600;0;2023-10-16 00:00:00;2023-10-18 00:00:00
997;1942;0;2023-09-30 00:00:00;2023-10-01 00:00:00
998;1635;0;2023-09-14 00:00:00;2023-09-23 00:00:00
999;1944;0;2023-09-21 00:00:00;2023-09-25 00:00:00
1000;1925;0;1000-01-01 00:00:00;1000-01-01 00:00:00
1001;1946;0;2023-10-16 00:00:00;2023-10-19 00:00:00
1002;1947;0;2023-09-29 00:00:00;2023-10-01 00:00:00
1003;1949;0;2023-10-23 00:00:00;2023-11-11 00:00:00
1004;1950;0;2023-10-17 00:00:00;2023-10-18 00:00:00
1005;1955;0;2023-10-14 00:00:00;2023-10-15 00:00:00
1006;1957;0;2023-10-16 00:00:00;2023-10-17 00:00:00
1007;1959;0;2023-10-20 00:00:00;2023-10-21 00:00:00
1008;1960;0;2023-10-19 00:00:00;2023-10-22 00:00:00
1009;1961;0;2023-10-12 00:00:00;2023-10-22 00:00:00
1010;1963;0;1000-01-01 00:00:00;1000-01-01 00:00:00
1012;1896;0;2023-10-13 00:00:00;2023-10-15 00:00:00
1013;1968;0;2023-10-16 00:00:00;2023-10-17 00:00:00
1014;1969;0;1000-01-01 00:00:00;1000-01-01 00:00:00
1015;1968;0;2023-10-18 00:00:00;2023-10-23 00:00:00
1016;1977;0;2001-06-19 00:00:00;2001-06-20 00:00:00
1017;1979;0;2023-11-06 00:00:00;2023-11-10 00:00:00
1018;1982;0;2001-05-14 00:00:00;2001-05-15 00:00:00
1019;1984;0;1000-01-01 00:00:00;1000-01-01 00:00:00
1020;1985;0;2023-10-23 00:00:00;2023-11-10 00:00:00
1021;1934;0;1000-01-01 00:00:00;1000-01-01 00:00:00
1022;1986;0;2023-10-25 00:00:00;2023-11-11 00:00:00
1023;1949;0;2023-11-01 00:00:00;2023-11-11 00:00:00
1024;1987;0;2023-11-01 00:00:00;2023-11-11 00:00:00
1025;1989;0;2023-11-11 00:00:00;2023-11-12 00:00:00
1026;1983;0;2001-03-23 00:00:00;2001-03-30 00:00:00
1027;1990;0;2001-05-07 00:00:00;2001-05-09 00:00:00
1028;1991;0;2023-11-19 00:00:00;2023-11-20 00:00:00
1029;1993;0;2001-05-09 00:00:00;2001-05-10 00:00:00
1030;1819;0;2023-10-24 00:00:00;2023-12-03 00:00:00
1031;1994;0;1000-01-01 00:00:00;1000-01-01 00:00:00
1032;1995;0;2001-08-04 00:00:00;2001-08-06 00:00:00
1033;1996;0;2001-08-05 00:00:00;2001-08-06 00:00:00
1034;1999;0;2001-05-19 00:00:00;2001-05-20 00:00:00
1035;2000;0;2001-05-05 00:00:00;2001-05-06 00:00:00
1036;2001;0;2001-10-11 00:00:00;2001-10-12 00:00:00
1037;933;0;2001-06-25 00:00:00;2001-06-27 00:00:00
1038;172;0;2001-07-16 00:00:00;2001-07-17 00:00:00
1039;2002;0;2001-04-04 00:00:00;2001-04-05 00:00:00
1040;709;0;1000-01-01 00:00:00;1000-01-01 00:00:00
1041;1151;0;2001-04-17 00:00:00;2001-04-21 00:00:00
1042;1151;0;2001-10-08 00:00:00;2001-10-13 00:00:00
1043;2004;0;2001-03-03 00:00:00;2001-03-07 00:00:00
1044;2004;0;2001-03-17 00:00:00;2001-03-19 00:00:00
1045;2005;0;2001-03-23 00:00:00;2001-03-24 00:00:00
1046;2006;0;2001-03-16 00:00:00;2001-03-17 00:00:00
1047;2007;0;2001-06-15 00:00:00;2001-06-16 00:00:00
1048;2007;0;2001-08-16 00:00:00;2001-08-17 00:00:00
1049;2008;0;2001-03-09 00:00:00;2001-03-10 00:00:00
1050;2009;0;2001-04-11 00:00:00;2001-04-16 00:00:00
1051;2010;0;2001-05-31 00:00:00;2001-06-01 00:00:00
1052;1732;0;2001-05-14 00:00:00;2001-05-20 00:00:00
1053;2011;0;2001-03-17 00:00:00;2001-03-18 00:00:00
1054;2012;0;2001-08-11 00:00:00;2001-08-12 00:00:00
1055;2013;0;2001-07-01 00:00:00;2001-07-07 00:00:00
1056;2014;0;2001-07-17 00:00:00;2001-07-28 00:00:00
1057;943;0;2001-06-29 00:00:00;2001-07-13 00:00:00
1058;2050;0;2001-07-23 00:00:00;2001-07-24 00:00:00
1059;2016;0;2001-05-05 00:00:00;2001-05-06 00:00:00
1060;2017;0;2001-08-11 00:00:00;2001-08-12 00:00:00
1061;2018;0;2001-06-05 00:00:00;2001-06-09 00:00:00
1062;2019;0;2001-03-16 00:00:00;2001-03-17 00:00:00
1063;2020;0;2001-03-04 00:00:00;2001-03-30 00:00:00
1064;2021;0;2001-09-29 00:00:00;2001-09-30 00:00:00
1065;2022;0;2001-05-14 00:00:00;2001-05-15 00:00:00
1066;2022;0;1000-01-01 00:00:00;1000-01-01 00:00:00
1067;2023;0;2001-08-26 00:00:00;2001-08-27 00:00:00
1068;2024;0;2001-03-12 00:00:00;2001-03-29 00:00:00
1069;2025;0;2001-02-28 00:00:00;2001-03-01 00:00:00
1070;2026;0;2001-10-05 00:00:00;2001-10-07 00:00:00
1071;2026;0;2001-10-13 00:00:00;2001-10-18 00:00:00
1072;2027;0;2001-06-25 00:00:00;2001-06-29 00:00:00
1073;2028;0;2001-05-15 00:00:00;2001-05-19 00:00:00
1074;2029;0;2001-05-18 00:00:00;2001-05-20 00:00:00
1075;2030;0;2001-04-24 00:00:00;2001-04-26 00:00:00
1076;2031;0;2001-04-21 00:00:00;2001-04-22 00:00:00
1077;2032;0;2001-04-13 00:00:00;2001-04-20 00:00:00
1078;2033;0;2001-03-17 00:00:00;2001-03-18 00:00:00
1079;2034;0;2001-04-23 00:00:00;2001-04-27 00:00:00
1080;2035;0;2001-05-02 00:00:00;2001-05-03 00:00:00
1081;2036;0;2001-05-18 00:00:00;2001-05-21 00:00:00
1082;2037;0;2001-07-09 00:00:00;2001-07-13 00:00:00
1083;2038;0;2001-04-20 00:00:00;2001-04-22 00:00:00
1084;2039;0;2001-04-22 00:00:00;2001-05-08 00:00:00
1085;2040;0;2001-03-17 00:00:00;2001-03-19 00:00:00
1086;2041;0;1000-01-01 00:00:00;1000-01-01 00:00:00
